Shop Name,Phone Number
ইলুকস,01913-999943
Basic Technologies,01916-626248
জামানেস ল্যাপটপ,01752-986720
গ্যাজেটস প্ল্যানেট,01714-112500
Vertech - Bashundhara City Branch,01810-023514
কম্পিউটার মানিয়া বিডি,
ডিসকভার ইট (মাল্টিপ্ল্যান ব্রাঞ্চ) - এইচপি পার্টনার,01713-078270
বাংলাদেশ ল্যাপটপ গ্যালারি,01687-321007
উইট,01713-016513
টেকল্যান্ড - বিডি।।,
স্টার টেক,01709-995543
আমারপিসি,
কম্পিউটার সিটি টেকনোলজিস লিঃ,
তাহা আইটি লিংক,01717-965582
বেঙ্গলপিসি,01974-492909
পিসি হাউস,01912-167988
Area 51,01734-618965
"ড্যাফোডিল কম্পিউটারস লিমিটেড, ধানমন্ডি ব্রাঞ্চ",01713-493184
কম্পিউটার ভিলেজ - মাল্টিপ্ল্যান ব্রাঞ্চ,
রায়ান্স কম্পিউটারস,01755-513981
𝗔𝗕𝗡 𝗧𝗲𝗰𝗵𝗻𝗼𝗹𝗼𝗴𝘆 | 𝗕𝗲𝘀𝘁 𝗨𝘀𝗲𝗱 𝗟𝗮𝗽𝘁𝗼𝗽 𝗦𝗵𝗼𝗽 𝗶𝗻 𝗗𝗵𝗮𝗸𝗮,01322-992004
2Iny Gadget Lab,01764-099038
গ্যাজেট 360 ডিগ্রী - বসুন্ধরা সিটি,01609-680525
রেড আপেল কম্পিউটারস,01670-000036
এমসি সলিউশন বিডি ( বাসুন্ধরা সিটি ব্রাঞ্চ ),01770-328858
এপ্ল্যানেট,01712-619867
RAY TECHNOLOGY,01537-485408
সেল টেক বিডি,01759-546431
প্রুভেন কম্পিউটার,01721-210243
ড্যাফডিল কম্পিউটার্স লিমিটেড,01713-493161
পিসি এইড,01716-618001
রাজ ল্যাপটপ গ্যালারি,01748-261551
ল্যাপটপ ড্রিম,01912-627028
"কম্পিউটার আর্কাইভস ই ট্রাস্টেড অ্যান্ড রিলায়েবল কম্পিউটার, ল্যাপটপ & গেমিং পিসি রিটেইল শপ ইন বাংলাদেশ",01917-312270
আইকনিক ল্যাপটপ পয়েন্ট,01812-527474
নেটিভ টেকনোলজি,01783-699973
নেক্সাস কম্পিউটার ~ আইডিবি,
ল্যাপটপ বিডি,01838-994422
সর্দার টেক | ইউজড ল্যাপটপ শপ ইন ঢাকা,01733-449239
আইসেন্টার ধানমন্ডি,01678-750350
প্যানারোমা কম্পিউটার,01674-176397
নিউ নেটওয়ার্ক & টেকনোলজি,01618-871169
tech city,01907-931108
PC Geek BD,01763-322100
আই.টি এক্সেস,01813-388994
Computer Studio,
আপেল ল্যাব অরিজিনাল (ম্যাকবুক রিপেয়ার নিয়ার)সিনসিয়া 2010 ধানমন্ডি ব্রাঞ্চ,01603-710044
আসুস এক্সক্লুসিভ স্টোর | ধানমন্ডি,01325-065740
Tech Monster BD,01978-524021
পিসি এক্সপ্রেস,01682-777376
রোজ টেক & কম্পিউটার,01911-124266
ক্রিয়েটাস কম্পিউটার লিঃ,01732-235757
"আরোজ টেকনোলজি বিডি, মাল্টিপ্ল্যান সেন্টের ব্রাঞ্চ",01970-138150
টেকনো প্যালেস,01683-026273
কম্পিউটার জোন,01760-008617
পিসি লিংকস,01870-749009
ইটমেক্স টেকনোলজি,01977-674044
Aroz Technology BD (Alpona Plaza Branch),
PC SOURCE,01880-710188
মাইক্রোগেটস ইট,01883-635202
সিটি কম্পিউটার & টেকনোলজি,01915-829757
টেক মুন বিডি,01975-996903
ইট পয়েন্ট,01720-307800
ইটিসি কম্পিউটার,01746-303749
Sumash Technologies,
ইলেক্ট্রো সফ্ট,01613-208040
টেক এম্পোরিয়াম,01678-161212
স্পর্ক টেকনোলজিস ল্যাপটপ ডেক্সটপ কম্পিউটার প্রিন্টের রিপেয়ার সার্ভিসিং,01739-393685
প্রভেন কম্পিউটার,01706-920652
সার্জ টেক,01718-097799
জুম টেকনোলজি,01833-683516
ব্রাদার্স গ্যাজেট | ল্যাপটপ শপ,01955-996905
ডিএনএফ কম্পিউটারস,01970-989233
স্টার টেক ঋগ হাউস,01313-717021
সেঞ্চুরি কম্পিউটারস্,01877-778074
গ্যাজেট ৩৬০°,01678-714013
নেক্সাস কম্পিউটার - মাল্টিপ্ল্যান,01970-000912
Universal Computer BD,01708-171993
Gadget A to Z,01973-209873
Tech Haven,01606-590502
OneTech,01706-473787
সমন্ত কম্পিউটার অ্যান্ড সার্ভিসেস,01601-905635
জেএম কম্পিউটার ফেয়ার,01320-406625
এলিতে গ্যাজেট,01832-193311
নুর টেকনোলজি,01916-811389
ব্রাদার্স ইলেকট্রনিক্স,01919-339866
ইনোভেশন অ্যালার্ট,01715-258529
মুয়াযা ইট,01979-990258
"রউটেক, ইউজড ল্যাপটপস অ্যান্ড নিউ ল্যাপটপস সেলের",01878-566030
অরিজিনাল স্টোর এলটিডি.,01779-855403
ইট ল্যাব,01615-591919
বেষ্ট পিসি/ল্যাপটপ সার্ভিস সেন্টের ইন ঢাকা | 3জি কম্পিউটার,01841-594941
Minion Gadgets BD,01962-084631
তাকওয়া আইটি,01819-529548
AmarTech,01877-991115
ডলফিন কম্পিউটার্স এলটিডি - এইচপি পার্টনার,01713-493184
আসুস এক্সক্লুসিভ স্টোর | মাল্টিপ্ল্যান সিটি সেন্টের,01787-975993
ফোর স্টার ইট (মাল্টিপ্ল্যান ব্রাঞ্চ),01730-433475
রায়ান্স কম্পিউটার্স - বনানী,
আর গ্যাজেট,01955-129887
আর গ্যাজেট,01955-129887
মাইক্রো গ্যালারী,01730-906598
ট্রাস্টটেক কম্পিউটার এন্ড নেটওয়ার্কস,01965-656300
FLORA LIMITED - ELEPHANT ROAD BRABCH.,01723-224377
ফান ফ্যাক্ট টেকনোলজি,01601-772722
,
